property,estate
5 Bedroom Townhouse to Rent in Runda,"Kiambu Rd Nairobi, Runda"
1 Bedroom Apartment / Flat to Rent in Kilimani,"Kilimani Estate Kilimani, Kilimani"
1 Bedroom Apartment / Flat to Rent in Kilimani,"Kilimani Estate Kilimani, Kilimani"
2 Bedroom Apartment / Flat to Rent in South C,"South C Nairobi West, South C"
5 Bedroom Townhouse to Rent in Westlands,"Peponi Rd Nairobi, Westlands"
3 Bedroom Apartment / Flat to Rent in Lavington,"Lavington, Lavington"
2 Bedroom Apartment / Flat to Rent in Westlands,"Westlands Highridge, Westlands"
1 Bedroom Apartment / Flat to Rent in Kilimani,"Kilimani Estate Kilimani, Kilimani"
3 Bedroom Townhouse to Rent in Gigiri,"Gigiri Road, Gigiri"
3 Bedroom Townhouse to Rent in Gigiri,"Gigiri Road, Gigiri"
3 Bedroom Apartment / Flat to Rent in Kilimani,"Kilimani Nairobi, Kilimani"
Apartment / Flat to Rent in Kilimani,"Ring Rd Kilimani Nairobi, Kilimani"
4 Bedroom House to Rent in Karen,"KE Karen, Karen"
4 Bedroom House to Rent in Karen,"KE Karen, Karen"
4 Bedroom Apartment / Flat to Rent in Parklands,"Parklands, Parklands"
5 Bedroom House to Rent in Kitisuru,"Kitisuru Nairobi, Kitisuru"
3 Bedroom Apartment / Flat to Rent in Westlands,"Rhapta Road Muthangari, Westlands"
3 Bedroom Apartment / Flat to Rent in Westlands,"Peponi Rd Nairobi, Westlands"
4 Bedroom House to Rent in Karen,"KE Karen, Karen"
5 Bedroom Townhouse to Rent in Rosslyn,"Rosslyn Kitisuru, Rosslyn"
1 Bedroom Apartment / Flat to Rent in Westlands,"Westlands, Westlands"
3 Bedroom Apartment / Flat to Rent in Parklands,"Parklands Nairobi, Parklands"
3 Bedroom Apartment / Flat to Rent in Parklands,"Parklands Nairobi, Parklands"
3 Bedroom Apartment / Flat to Rent in Parklands,"Parklands Nairobi, Parklands"
3 Bedroom Apartment / Flat to Rent in Parklands,"Parklands Nairobi, Parklands"
3 Bedroom House to Rent in Karen,"KE Karen, Karen"
3 Bedroom Apartment / Flat to Rent in Westlands,"Rhapta Road Muthangari, Westlands"
3 Bedroom Apartment / Flat to Rent in Westlands,"Westlands Highridge, Westlands"
3 Bedroom Apartment / Flat to Rent in Kilimani,"Elgeyo Marakwet Kilimani, Kilimani"
2 Bedroom Apartment / Flat to Rent in Kitisuru,"Kitisuru, Kitisuru"
4 Bedroom Apartment / Flat to Rent in Lavington,Not Specified
4 Bedroom Townhouse to Rent in Runda,"Kiambu Rd Nairobi, Runda"
2 Bedroom Apartment / Flat to Rent in Kilimani,"Kilimani Nairobi, Kilimani"
5 Bedroom Townhouse to Rent in Nyari,"red hill road, Nyari"
5 Bedroom Townhouse to Rent in Rosslyn,"rosslyn lone tree, Rosslyn"
3 Bedroom Apartment / Flat to Rent in Syokimau,"Syokimau Nairobi, Syokimau"
5 Bedroom House to Rent in Karen,"Karen, Karen"
3 Bedroom House to Rent in Riverside,"Riverside Dr Nairobi, Riverside"
2 Bedroom House to Rent in Nyari,"Nyari Kitisuru, Nyari"
4 Bedroom House to Rent in Runda,"1Off Ruaka Rd, Runda"
3 Bedroom Apartment / Flat to Rent in Westlands,"General Mathenge Rd Spring Valley, Westlands"
Commercial Property to Rent in Kilimani,"Ndemi Rd Kilimani, Kilimani"
3 Bedroom Apartment / Flat to Rent in Westlands,"Rhapta Road Muthangari, Westlands"
4 Bedroom House to Rent in Lakeview,Not Specified
4 Bedroom House to Rent in Runda,Not Specified
2 Bedroom Apartment / Flat to Rent in Kilimani,"Kilimani Estate Kilimani, Kilimani"
2 Bedroom Apartment / Flat to Rent in Kilimani,"Kilimani Estate Kilimani, Kilimani"
4 Bedroom Apartment / Flat to Rent in Westlands,"General Mathenge Road, Westlands"
1 Bedroom Apartment / Flat to Rent in Ongata Rongai,"Ongata Rongai Nairobi County, Ongata Rongai"
2 Bedroom Apartment / Flat to Rent in Westlands,Not Specified
5 Bedroom House to Rent in Karen,"Karen Nairobi, Karen"
3 Bedroom Apartment / Flat to Rent in Kilimani,"Gitanga Rd Nairobi, Kilimani"
2 Bedroom Apartment / Flat to Rent in Mountain View,"Waiyaki Wy Kangemi, Mountain View"
2 Bedroom Apartment / Flat to Rent in Kilimani,"Kilimani Estate Kilimani, Kilimani"
3 Bedroom Apartment / Flat to Rent in Riverside,"Riverside Dr Nairobi, Riverside"
Commercial Property to Rent in Riverside,Not Specified
Commercial Property to Rent in Riverside,Not Specified
2 Bedroom Apartment / Flat to Rent in Parklands,"City Park Drive, Parklands"
3 Bedroom Apartment / Flat to Rent in Parklands,"City Park Drive, Parklands"
2 Bedroom Apartment / Flat to Rent in Parklands,"City Park drive, Parklands"
4 Bedroom Apartment / Flat to Rent in Kileleshwa,"Siaya Kilimani, Kileleshwa"
5 Bedroom House to Rent in Runda,"Runda Kitisuru, Runda"
5 Bedroom House to Rent in Runda,"Runda Kitisuru, Runda"
5 Bedroom Townhouse to Rent in Runda,"Runda Kitisuru, Runda"
5 Bedroom House to Rent in Nyari,"Nyari Kitisuru, Nyari"
5 Bedroom House to Rent in Nyari,"Nyari Kitisuru, Nyari"
4 Bedroom House to Rent in Rosslyn,"Rosslyn Kitisuru, Rosslyn"
5 Bedroom House to Rent in Rosslyn,"Rosslyn Kitisuru, Rosslyn"
5 Bedroom House to Rent in Runda,"Runda Kitisuru, Runda"
5 Bedroom House to Rent in Runda,"Runda Kitisuru, Runda"
4 Bedroom Apartment / Flat to Rent in Kileleshwa,"Kileleshwa, Kileleshwa"
2 Bedroom Apartment / Flat to Rent in Kileleshwa,"Kileleshwa, Kileleshwa"
2 Bedroom House to Rent in Nyari,"Nyari Kitisuru, Nyari"
3 Bedroom Apartment / Flat to Rent in Kileleshwa,"Kileleshwa Nairobi, Kileleshwa"
4 Bedroom House to Rent in Karen,"Karen, Karen"
2 Bedroom Apartment / Flat to Rent in Westlands,"Westlands Highridge, Westlands"
1 Bedroom Apartment / Flat to Rent in Rosslyn,"19 Rosslyn Lone Tree Estate Rd, Rosslyn"
2 Bedroom Apartment / Flat to Rent in Riverside,"Riverside Dr Nairobi, Riverside"
1 Bedroom Apartment / Flat to Rent in Westlands,"Rhapta Road Muthangari, Westlands"
4 Bedroom House to Rent in Karen,"KE Karen, Karen"
4 Bedroom Apartment / Flat to Rent in Karen,"KE Karen, Karen"
5 Bedroom Apartment / Flat to Rent in Hurlingham,"Argwings Kodhek Road, Hurlingham"
4 Bedroom House to Rent in Kiambu Road,"Kiambu Rd Kiambu, Kiambu Road"
4 Bedroom Townhouse to Rent in Spring Valley,"Spring Valley Nairobi, Spring Valley"
5 Bedroom House to Rent in Karen,Not Specified
3 Bedroom Apartment / Flat to Rent in Karen,"KE Karen, Karen"
4 Bedroom Apartment / Flat to Rent in Kileleshwa,"Kileleshwa, Kileleshwa"
3 Bedroom Apartment / Flat to Rent in Kileleshwa,"Kileleshwa, Kileleshwa"
3 Bedroom Apartment / Flat to Rent in Kileleshwa,"Kileleshwa, Kileleshwa"
2 Bedroom Apartment / Flat to Rent in Kileleshwa,"Kileleshwa, Kileleshwa"
2 Bedroom Apartment / Flat to Rent in Kileleshwa,"Kileleshwa, Kileleshwa"
1 Bedroom Apartment / Flat to Rent in Kileleshwa,"Kileleshwa, Kileleshwa"
1 Bedroom Apartment / Flat to Rent in Kileleshwa,"Kileleshwa, Kileleshwa"
2 Bedroom Apartment / Flat to Rent in Parklands,"Parklands Nairobi, Parklands"
5 Bedroom Townhouse to Rent in Lavington,"Lavington Kileleshwa, Lavington"
2 Bedroom Apartment / Flat to Rent in Westlands,"Westlands Highridge, Westlands"
2 Bedroom Apartment / Flat to Rent in Westlands,"Westlands Highridge, Westlands"
